feature,legit_mean,fraud_mean,abs_diff
merch_amt_z,0.003700000001117587,4.505300045013428,4.501699924468994
amt_log,3.5274,5.5396,2.0122
dt_log,2.0420000553131104,1.2711999416351318,0.770799994468689
speed_log,0.3109999895095825,0.7710000276565552,0.46000000834465027
is_digital,0.15809999406337738,0.358599990606308,0.2004999965429306
channel_switch,0.2678999900817871,0.38690000772476196,0.11890000104904175
step_dist,1.0369000434875488,1.0054999589920044,0.03139999881386757
cust_merch_novelty,0.8939999938011169,0.9039999842643738,0.009999999776482582
